,anxiety,disgust,happy,boredom,anger,sadness,neutral
0,-7.142857142857144,7.0,1.1111111111111114,3.571428571428574,-1.2903225806451601,0.6666666666666685,-3.3333333333333344
