anxiety,disgust,happy,boredom,anger,sadness,neutral
3.636363636363636,6.153846153846155,-1.1764705882352935,-2.842170943040401e-15,1.6,0.625,1.17647058823529
