anxiety,disgust,happy,boredom,anger,sadness,neutral
0.7692307692307694,2.1428571428571446,1.1764705882352942,1.111111111111113,-1.7241379310344827,0.0,0.0
